dist	x	z	yaw	diffPct
0.8	-190.1	-295.1	185	0.00
0.8	-190.1	-295.1	245	0.00
0.8	-190.1	-295.1	125	0.00
0.8	-190.1	-295.1	285	0.00
0.8	-190.1	-295.1	85	0.00
0.8	-196.2	-317.0	90	0.00
0.8	-196.2	-317.0	150	0.00
0.8	-196.2	-317.0	30	0.00
0.8	-196.2	-317.0	190	0.00
0.8	-196.2	-317.0	-10	0.62
0.8	-196.2	-310.0	90	0.00
0.8	-196.2	-310.0	150	0.00
0.8	-196.2	-310.0	30	1.35
0.8	-196.2	-310.0	190	0.00
0.8	-196.2	-310.0	-10	1.03
0.8	-196.2	-303.0	90	0.00
0.8	-196.2	-303.0	150	0.00
0.8	-196.2	-303.0	30	1.82
0.8	-196.2	-303.0	190	0.00
0.8	-196.2	-303.0	-10	1.41
0.8	-170.0	-328.8	0	0.00
0.8	-170.0	-328.8	60	0.00
0.8	-170.0	-328.8	-60	0.00
0.8	-170.0	-328.8	100	0.00
0.8	-170.0	-328.8	-100	0.00
0.8	-150.0	-326.1	0	0.00
0.8	-150.0	-326.1	60	0.00
0.8	-150.0	-326.1	-60	0.00
0.8	-150.0	-326.1	100	0.00
0.8	-150.0	-326.1	-100	0.00
0.8	-130.0	-326.1	0	0.00
0.8	-130.0	-326.1	60	0.00
0.8	-130.0	-326.1	-60	0.00
0.8	-130.0	-326.1	100	0.00
0.8	-130.0	-326.1	-100	0.00
0.8	-110.0	-328.8	0	0.00
0.8	-110.0	-328.8	60	0.01
0.8	-110.0	-328.8	-60	0.00
0.8	-110.0	-328.8	100	0.00
0.8	-110.0	-328.8	-100	0.00
0.8	-90.0	-328.8	0	0.00
0.8	-90.0	-328.8	60	0.00
0.8	-90.0	-328.8	-60	0.00
0.8	-90.0	-328.8	100	0.00
0.8	-90.0	-328.8	-100	0.00
0.8	-70.0	-328.8	0	0.00
0.8	-70.0	-328.8	60	0.00
0.8	-70.0	-328.8	-60	0.00
0.8	-70.0	-328.8	100	0.00
0.8	-70.0	-328.8	-100	0.00
0.8	-50.0	-324.6	0	1.82
0.8	-50.0	-324.6	60	6.88
0.8	-50.0	-324.6	-60	0.01
0.8	-50.0	-324.6	100	1.29
0.8	-50.0	-324.6	-100	0.00
0.8	-30.0	-324.6	0	25.93
0.8	-30.0	-324.6	60	4.96
0.8	-30.0	-324.6	-60	23.22
0.8	-30.0	-324.6	100	1.77
0.8	-30.0	-324.6	-100	8.25
0.8	3.0	-296.2	270	32.15
0.8	3.0	-296.2	330	0.00
0.8	3.0	-296.2	210	34.98
0.8	3.0	-296.2	370	0.00
0.8	3.0	-296.2	170	6.88
0.8	3.0	-310.0	270	55.85
0.8	3.0	-310.0	330	19.81
0.8	3.0	-310.0	210	32.22
0.8	3.0	-310.0	370	1.95
0.8	3.0	-310.0	170	0.00
0.8	3.0	-323.8	270	29.61
0.8	3.0	-323.8	330	38.55
0.8	3.0	-323.8	210	0.97
0.8	3.0	-323.8	370	22.05
0.8	3.0	-323.8	170	0.00
0.8	-10.0	-327.6	0	0.00
0.8	-10.0	-327.6	60	0.00
0.8	-10.0	-327.6	-60	0.81
0.8	-10.0	-327.6	100	0.00
0.8	-10.0	-327.6	-100	0.57
0.8	-186.9	-276.1	270	0.00
0.8	-186.9	-276.1	330	0.00
0.8	-186.9	-276.1	210	2.17
0.8	-186.9	-276.1	370	0.00
0.8	-186.9	-276.1	170	1.91
0.8	-190.1	-283.6	355	1.74
0.8	-190.1	-283.6	415	0.00
0.8	-190.1	-283.6	295	0.00
0.8	-190.1	-283.6	455	0.00
0.8	-190.1	-283.6	255	0.00
0.8	-196.2	-287.0	90	0.00
0.8	-196.2	-287.0	150	0.00
0.8	-196.2	-287.0	30	3.09
0.8	-196.2	-287.0	190	0.00
0.8	-196.2	-287.0	-10	4.14
0.8	-196.2	-280.0	90	0.00
0.8	-196.2	-280.0	150	0.00
0.8	-196.2	-280.0	30	0.00
0.8	-196.2	-280.0	190	0.00
0.8	-196.2	-280.0	-10	0.00
0.8	-196.2	-273.0	90	11.72
0.8	-196.2	-273.0	150	4.73
0.8	-196.2	-273.0	30	0.00
0.8	-196.2	-273.0	190	0.34
0.8	-196.2	-273.0	-10	0.00
0.8	3.0	-293.8	270	0.00
0.8	3.0	-293.8	330	0.00
0.8	3.0	-293.8	210	0.00
0.8	3.0	-293.8	370	0.00
0.8	3.0	-293.8	170	0.00
0.8	-186.9	-246.1	270	0.00
0.8	-186.9	-246.1	330	0.00
0.8	-186.9	-246.1	210	0.89
0.8	-186.9	-246.1	370	0.00
0.8	-186.9	-246.1	170	0.00
0.8	-186.9	-250.0	270	0.00
0.8	-186.9	-250.0	330	0.00
0.8	-186.9	-250.0	210	0.58
0.8	-186.9	-250.0	370	0.00
0.8	-186.9	-250.0	170	0.78
0.8	-186.9	-253.9	270	0.00
0.8	-186.9	-253.9	330	0.00
0.8	-186.9	-253.9	210	0.12
0.8	-186.9	-253.9	370	0.00
0.8	-186.9	-253.9	170	0.44
0.8	-196.2	-257.0	90	0.00
0.8	-196.2	-257.0	150	0.00
0.8	-196.2	-257.0	30	0.00
0.8	-196.2	-257.0	190	2.07
0.8	-196.2	-257.0	-10	0.00
0.8	-196.2	-250.0	90	0.00
0.8	-196.2	-250.0	150	0.00
0.8	-196.2	-250.0	30	0.00
0.8	-196.2	-250.0	190	1.37
0.8	-196.2	-250.0	-10	0.00
0.8	-196.2	-243.0	90	0.00
0.8	-196.2	-243.0	150	0.00
0.8	-196.2	-243.0	30	0.00
0.8	-196.2	-243.0	190	0.00
0.8	-196.2	-243.0	-10	0.00
0.8	-183.1	-250.0	90	48.83
0.8	-183.1	-250.0	150	23.01
0.8	-183.1	-250.0	30	17.97
0.8	-183.1	-250.0	190	18.01
0.8	-183.1	-250.0	-10	4.12
0.8	7.2	-250.0	270	0.00
0.8	7.2	-250.0	330	0.00
0.8	7.2	-250.0	210	0.00
0.8	7.2	-250.0	370	0.00
0.8	7.2	-250.0	170	0.00
0.8	-186.9	-216.1	270	0.00
0.8	-186.9	-216.1	330	0.00
0.8	-186.9	-216.1	210	0.00
0.8	-186.9	-216.1	370	0.00
0.8	-186.9	-216.1	170	0.00
0.8	-186.9	-220.0	270	0.00
0.8	-186.9	-220.0	330	0.00
0.8	-186.9	-220.0	210	0.00
0.8	-186.9	-220.0	370	0.00
0.8	-186.9	-220.0	170	0.00
0.8	-186.9	-223.9	270	0.00
0.8	-186.9	-223.9	330	0.00
0.8	-186.9	-223.9	210	0.00
0.8	-186.9	-223.9	370	0.00
0.8	-186.9	-223.9	170	0.00
0.8	-196.2	-227.0	90	0.00
0.8	-196.2	-227.0	150	0.00
0.8	-196.2	-227.0	30	0.00
0.8	-196.2	-227.0	190	0.00
0.8	-196.2	-227.0	-10	0.00
0.8	-196.2	-220.0	90	0.00
0.8	-196.2	-220.0	150	0.00
0.8	-196.2	-220.0	30	0.00
0.8	-196.2	-220.0	190	0.00
0.8	-196.2	-220.0	-10	0.00
0.8	-196.2	-213.0	90	0.00
0.8	-196.2	-213.0	150	0.00
0.8	-196.2	-213.0	30	0.00
0.8	-196.2	-213.0	190	0.00
0.8	-196.2	-213.0	-10	0.00
0.8	-183.1	-220.0	90	45.48
0.8	-183.1	-220.0	150	14.34
0.8	-183.1	-220.0	30	18.19
0.8	-183.1	-220.0	190	1.51
0.8	-183.1	-220.0	-10	0.49
0.8	7.2	-220.0	270	0.00
0.8	7.2	-220.0	330	0.00
0.8	7.2	-220.0	210	0.00
0.8	7.2	-220.0	370	0.00
0.8	7.2	-220.0	170	0.00
0.8	-348.0	-189.7	292	0.00
0.8	-348.0	-189.7	352	0.00
0.8	-348.0	-189.7	232	0.00
0.8	-348.0	-189.7	392	0.00
0.8	-348.0	-189.7	192	0.00
0.8	-348.7	-191.6	292	0.00
0.8	-348.7	-191.6	352	0.00
0.8	-348.7	-191.6	232	0.00
0.8	-348.7	-191.6	392	0.00
0.8	-348.7	-191.6	192	0.00
0.8	-350.7	-196.1	293	0.00
0.8	-350.7	-196.1	353	0.00
0.8	-350.7	-196.1	233	0.00
0.8	-350.7	-196.1	393	0.00
0.8	-350.7	-196.1	193	0.00
0.8	-190.3	-186.5	200	0.00
0.8	-190.3	-186.5	260	0.00
0.8	-190.3	-186.5	140	0.00
0.8	-190.3	-186.5	300	0.00
0.8	-190.3	-186.5	100	0.00
0.8	-186.9	-193.9	270	0.00
0.8	-186.9	-193.9	330	0.00
0.8	-186.9	-193.9	210	0.00
0.8	-186.9	-193.9	370	0.00
0.8	-186.9	-193.9	170	0.00
0.8	-196.2	-197.0	90	0.00
0.8	-196.2	-197.0	150	0.00
0.8	-196.2	-197.0	30	0.00
0.8	-196.2	-197.0	190	0.00
0.8	-196.2	-197.0	-10	0.00
0.8	-196.2	-190.0	90	0.00
0.8	-196.2	-190.0	150	0.00
0.8	-196.2	-190.0	30	0.00
0.8	-196.2	-190.0	190	0.00
0.8	-196.2	-190.0	-10	7.50
0.8	-196.2	-183.0	90	0.00
0.8	-196.2	-183.0	150	0.00
0.8	-196.2	-183.0	30	18.67
0.8	-196.2	-183.0	190	0.00
0.8	-196.2	-183.0	-10	25.51
0.8	2.9	-176.3	270	0.00
0.8	2.9	-176.3	330	0.00
0.8	2.9	-176.3	210	0.00
0.8	2.9	-176.3	370	0.00
0.8	2.9	-176.3	170	0.00
0.8	7.2	-190.0	270	0.00
0.8	7.2	-190.0	330	0.00
0.8	7.2	-190.0	210	0.00
0.8	7.2	-190.0	370	0.00
0.8	7.2	-190.0	170	0.00
0.8	-190.3	-175.7	340	0.00
0.8	-190.3	-175.7	400	0.00
0.8	-190.3	-175.7	280	0.00
0.8	-190.3	-175.7	440	0.00
0.8	-190.3	-175.7	240	0.00
0.8	-196.2	-167.0	90	0.00
0.8	-196.2	-167.0	150	2.83
0.8	-196.2	-167.0	30	0.00
0.8	-196.2	-167.0	190	4.70
0.8	-196.2	-167.0	-10	0.00
0.8	-196.2	-160.0	90	0.00
0.8	-196.2	-160.0	150	2.00
0.8	-196.2	-160.0	30	0.00
0.8	-196.2	-160.0	190	1.54
0.8	-196.2	-160.0	-10	0.00
0.8	-196.2	-153.0	90	0.00
0.8	-196.2	-153.0	150	1.57
0.8	-196.2	-153.0	30	0.00
0.8	-196.2	-153.0	190	1.18
0.8	-196.2	-153.0	-10	0.00
0.8	2.6	-146.6	270	72.87
0.8	2.6	-146.6	330	28.37
0.8	2.6	-146.6	210	29.36
0.8	2.6	-146.6	370	0.41
0.8	2.6	-146.6	170	16.30
0.8	2.6	-160.0	270	26.23
0.8	2.6	-160.0	330	30.65
0.8	2.6	-160.0	210	0.00
0.8	2.6	-160.0	370	10.50
0.8	2.6	-160.0	170	0.00
0.8	2.9	-173.7	270	0.00
0.8	2.9	-173.7	330	0.00
0.8	2.9	-173.7	210	0.00
0.8	2.9	-173.7	370	0.00
0.8	2.9	-173.7	170	0.00
0.8	-270.4	-126.4	211	0.00
0.8	-270.4	-126.4	271	0.00
0.8	-270.4	-126.4	151	0.00
0.8	-270.4	-126.4	311	0.00
0.8	-270.4	-126.4	111	0.00
0.8	-267.8	-128.0	211	0.00
0.8	-267.8	-128.0	271	0.00
0.8	-267.8	-128.0	151	0.00
0.8	-267.8	-128.0	311	0.00
0.8	-267.8	-128.0	111	0.00
0.8	-130.0	-122.0	180	0.00
0.8	-130.0	-122.0	240	0.00
0.8	-130.0	-122.0	120	0.00
0.8	-130.0	-122.0	280	0.00
0.8	-130.0	-122.0	80	0.00
0.8	-131.2	-130.0	90	0.00
0.8	-131.2	-130.0	150	0.00
0.8	-131.2	-130.0	30	0.00
0.8	-131.2	-130.0	190	0.00
0.8	-131.2	-130.0	-10	0.00
0.8	-131.2	-128.0	90	0.00
0.8	-131.2	-128.0	150	0.00
0.8	-131.2	-128.0	30	0.00
0.8	-131.2	-128.0	190	0.00
0.8	-131.2	-128.0	-10	0.00
0.8	-55.8	-130.0	270	0.00
0.8	-55.8	-130.0	330	0.00
0.8	-55.8	-130.0	210	0.00
0.8	-55.8	-130.0	370	0.00
0.8	-55.8	-130.0	170	0.00
4	-190.3	-298.3	185	0.00
4	-190.3	-298.3	245	0.00
4	-190.3	-298.3	125	0.00
4	-190.3	-298.3	285	0.00
4	-190.3	-298.3	85	0.00
4	-190.0	-325.8	0	0.00
4	-190.0	-325.8	60	0.00
4	-190.0	-325.8	-60	0.00
4	-190.0	-325.8	100	0.00
4	-190.0	-325.8	-100	0.00
4	-193.0	-317.0	90	0.00
4	-193.0	-317.0	150	0.00
4	-193.0	-317.0	30	0.00
4	-193.0	-317.0	190	0.00
4	-193.0	-317.0	-10	0.00
4	-193.0	-310.0	90	0.00
4	-193.0	-310.0	150	0.00
4	-193.0	-310.0	30	0.00
4	-193.0	-310.0	190	0.00
4	-193.0	-310.0	-10	0.00
4	-193.0	-303.0	90	0.00
4	-193.0	-303.0	150	0.00
4	-193.0	-303.0	30	0.00
4	-193.0	-303.0	190	0.00
4	-193.0	-303.0	-10	0.00
4	-170.0	-325.6	0	0.00
4	-170.0	-325.6	60	0.00
4	-170.0	-325.6	-60	0.00
4	-170.0	-325.6	100	0.00
4	-170.0	-325.6	-100	0.00
4	-150.0	-322.9	0	0.00
4	-150.0	-322.9	60	0.00
4	-150.0	-322.9	-60	0.00
4	-150.0	-322.9	100	0.00
4	-150.0	-322.9	-100	0.00
4	-130.0	-322.9	0	0.00
4	-130.0	-322.9	60	0.00
4	-130.0	-322.9	-60	0.00
4	-130.0	-322.9	100	0.00
4	-130.0	-322.9	-100	0.00
4	-110.0	-325.6	0	0.00
4	-110.0	-325.6	60	0.01
4	-110.0	-325.6	-60	0.00
4	-110.0	-325.6	100	0.00
4	-110.0	-325.6	-100	0.00
4	-90.0	-325.6	0	0.01
4	-90.0	-325.6	60	0.00
4	-90.0	-325.6	-60	0.00
4	-90.0	-325.6	100	0.00
4	-90.0	-325.6	-100	0.00
4	-70.0	-325.6	0	0.00
4	-70.0	-325.6	60	0.00
4	-70.0	-325.6	-60	0.00
4	-70.0	-325.6	100	0.00
4	-70.0	-325.6	-100	0.00
4	-50.0	-321.4	0	1.96
4	-50.0	-321.4	60	7.54
4	-50.0	-321.4	-60	0.00
4	-50.0	-321.4	100	1.97
4	-50.0	-321.4	-100	0.00
4	-30.0	-321.4	0	27.78
4	-30.0	-321.4	60	5.67
4	-30.0	-321.4	-60	23.95
4	-30.0	-321.4	100	1.96
4	-30.0	-321.4	-100	8.60
4	-0.2	-296.2	270	0.00
4	-0.2	-296.2	330	0.00
4	-0.2	-296.2	210	0.00
4	-0.2	-296.2	370	0.00
4	-0.2	-296.2	170	0.00
4	-0.2	-310.0	270	0.00
4	-0.2	-310.0	330	0.00
4	-0.2	-310.0	210	0.00
4	-0.2	-310.0	370	0.00
4	-0.2	-310.0	170	0.00
4	-0.2	-323.8	270	0.00
4	-0.2	-323.8	330	0.00
4	-0.2	-323.8	210	0.00
4	-0.2	-323.8	370	0.00
4	-0.2	-323.8	170	0.00
4	-10.0	-324.4	0	0.00
4	-10.0	-324.4	60	0.00
4	-10.0	-324.4	-60	0.00
4	-10.0	-324.4	100	0.00
4	-10.0	-324.4	-100	0.00
4	-190.1	-276.1	270	0.00
4	-190.1	-276.1	330	0.00
4	-190.1	-276.1	210	0.00
4	-190.1	-276.1	370	0.00
4	-190.1	-276.1	170	15.89
4	-190.3	-280.4	355	2.90
4	-190.3	-280.4	415	0.00
4	-190.3	-280.4	295	0.00
4	-190.3	-280.4	455	0.00
4	-190.3	-280.4	255	0.00
4	-193.0	-280.0	90	0.00
4	-193.0	-280.0	150	0.00
4	-193.0	-280.0	30	0.00
4	-193.0	-280.0	190	0.00
4	-193.0	-280.0	-10	0.00
4	-193.0	-273.0	90	6.37
4	-193.0	-273.0	150	3.31
4	-193.0	-273.0	30	0.00
4	-193.0	-273.0	190	5.48
4	-193.0	-273.0	-10	0.00
4	5.0	-280.0	270	0.00
4	5.0	-280.0	330	0.00
4	5.0	-280.0	210	0.00
4	5.0	-280.0	370	0.00
4	5.0	-280.0	170	0.00
4	-0.2	-293.8	270	0.00
4	-0.2	-293.8	330	0.00
4	-0.2	-293.8	210	0.00
4	-0.2	-293.8	370	0.00
4	-0.2	-293.8	170	0.00
4	-190.1	-246.1	270	0.00
4	-190.1	-246.1	330	0.00
4	-190.1	-246.1	210	0.89
4	-190.1	-246.1	370	0.00
4	-190.1	-246.1	170	0.00
4	-190.1	-250.0	270	0.00
4	-190.1	-250.0	330	0.00
4	-190.1	-250.0	210	0.53
4	-190.1	-250.0	370	0.00
4	-190.1	-250.0	170	0.00
4	-190.1	-253.9	270	0.00
4	-190.1	-253.9	330	0.00
4	-190.1	-253.9	210	0.22
4	-190.1	-253.9	370	0.00
4	-190.1	-253.9	170	0.72
4	-193.0	-257.0	90	0.00
4	-193.0	-257.0	150	0.00
4	-193.0	-257.0	30	0.00
4	-193.0	-257.0	190	1.17
4	-193.0	-257.0	-10	0.00
4	-193.0	-250.0	90	0.00
4	-193.0	-250.0	150	0.00
4	-193.0	-250.0	30	0.00
4	-193.0	-250.0	190	1.13
4	-193.0	-250.0	-10	0.00
4	-193.0	-243.0	90	0.00
4	-193.0	-243.0	150	0.00
4	-193.0	-243.0	30	0.00
4	-193.0	-243.0	190	0.00
4	-193.0	-243.0	-10	0.00
4	-179.9	-250.0	90	0.00
4	-179.9	-250.0	150	0.00
4	-179.9	-250.0	30	0.00
4	-179.9	-250.0	190	0.00
4	-179.9	-250.0	-10	0.00
4	4.0	-250.0	270	0.00
4	4.0	-250.0	330	0.00
4	4.0	-250.0	210	0.00
4	4.0	-250.0	370	0.00
4	4.0	-250.0	170	0.00
4	-190.1	-216.1	270	0.00
4	-190.1	-216.1	330	0.00
4	-190.1	-216.1	210	0.00
4	-190.1	-216.1	370	0.00
4	-190.1	-216.1	170	0.00
4	-190.1	-220.0	270	0.00
4	-190.1	-220.0	330	0.00
4	-190.1	-220.0	210	0.00
4	-190.1	-220.0	370	0.00
4	-190.1	-220.0	170	0.00
4	-190.1	-223.9	270	0.00
4	-190.1	-223.9	330	0.00
4	-190.1	-223.9	210	0.00
4	-190.1	-223.9	370	0.00
4	-190.1	-223.9	170	0.00
4	-193.0	-227.0	90	0.00
4	-193.0	-227.0	150	0.00
4	-193.0	-227.0	30	0.00
4	-193.0	-227.0	190	0.00
4	-193.0	-227.0	-10	0.00
4	-193.0	-220.0	90	0.00
4	-193.0	-220.0	150	0.00
4	-193.0	-220.0	30	0.00
4	-193.0	-220.0	190	0.00
4	-193.0	-220.0	-10	0.00
4	-193.0	-213.0	90	0.00
4	-193.0	-213.0	150	0.00
4	-193.0	-213.0	30	0.00
4	-193.0	-213.0	190	0.00
4	-193.0	-213.0	-10	0.00
4	-179.9	-220.0	90	0.00
4	-179.9	-220.0	150	0.00
4	-179.9	-220.0	30	0.00
4	-179.9	-220.0	190	0.00
4	-179.9	-220.0	-10	0.00
4	4.0	-220.0	270	0.00
4	4.0	-220.0	330	0.00
4	4.0	-220.0	210	0.00
4	4.0	-220.0	370	0.00
4	4.0	-220.0	170	0.00
4	-350.6	-188.7	292	0.00
4	-350.6	-188.7	352	0.00
4	-350.6	-188.7	232	0.00
4	-350.6	-188.7	392	0.00
4	-350.6	-188.7	192	0.00
4	-351.3	-190.6	292	0.00
4	-351.3	-190.6	352	0.00
4	-351.3	-190.6	232	0.00
4	-351.3	-190.6	392	0.00
4	-351.3	-190.6	192	0.00
4	-353.9	-190.0	90	0.00
4	-353.9	-190.0	150	0.00
4	-353.9	-190.0	30	0.00
4	-353.9	-190.0	190	0.00
4	-353.9	-190.0	-10	0.00
4	-191.4	-189.5	200	0.00
4	-191.4	-189.5	260	0.00
4	-191.4	-189.5	140	0.00
4	-191.4	-189.5	300	0.00
4	-191.4	-189.5	100	0.00
4	-190.1	-193.9	270	0.00
4	-190.1	-193.9	330	0.00
4	-190.1	-193.9	210	0.00
4	-190.1	-193.9	370	0.00
4	-190.1	-193.9	170	0.00
4	-193.0	-197.0	90	0.00
4	-193.0	-197.0	150	0.00
4	-193.0	-197.0	30	0.00
4	-193.0	-197.0	190	0.00
4	-193.0	-197.0	-10	0.00
4	-193.0	-190.0	90	0.00
4	-193.0	-190.0	150	0.00
4	-193.0	-190.0	30	0.00
4	-193.0	-190.0	190	0.00
4	-193.0	-190.0	-10	0.00
4	-0.3	-176.3	270	0.00
4	-0.3	-176.3	330	0.00
4	-0.3	-176.3	210	0.00
4	-0.3	-176.3	370	0.00
4	-0.3	-176.3	170	0.00
4	4.0	-190.0	270	0.00
4	4.0	-190.0	330	0.00
4	4.0	-190.0	210	0.00
4	4.0	-190.0	370	0.00
4	4.0	-190.0	170	0.00
4	-191.4	-172.7	340	0.00
4	-191.4	-172.7	400	0.00
4	-191.4	-172.7	280	0.00
4	-191.4	-172.7	440	0.00
4	-191.4	-172.7	240	0.00
4	-193.0	-167.0	90	0.00
4	-193.0	-167.0	150	0.00
4	-193.0	-167.0	30	0.00
4	-193.0	-167.0	190	0.00
4	-193.0	-167.0	-10	0.00
4	-193.0	-160.0	90	0.00
4	-193.0	-160.0	150	0.01
4	-193.0	-160.0	30	0.00
4	-193.0	-160.0	190	0.01
4	-193.0	-160.0	-10	0.00
4	-193.0	-153.0	90	0.00
4	-193.0	-153.0	150	0.06
4	-193.0	-153.0	30	0.00
4	-193.0	-153.0	190	0.03
4	-193.0	-153.0	-10	0.00
4	-0.6	-146.6	270	0.00
4	-0.6	-146.6	330	0.00
4	-0.6	-146.6	210	0.00
4	-0.6	-146.6	370	0.00
4	-0.6	-146.6	170	0.00
4	-0.6	-160.0	270	0.00
4	-0.6	-160.0	330	0.00
4	-0.6	-160.0	210	0.00
4	-0.6	-160.0	370	0.00
4	-0.6	-160.0	170	0.00
4	-0.3	-173.7	270	0.00
4	-0.3	-173.7	330	0.00
4	-0.3	-173.7	210	0.00
4	-0.3	-173.7	370	0.00
4	-0.3	-173.7	170	0.00
4	-271.9	-128.9	211	0.00
4	-271.9	-128.9	271	0.00
4	-271.9	-128.9	151	0.00
4	-271.9	-128.9	311	0.00
4	-271.9	-128.9	111	0.00
4	-269.3	-130.5	211	0.00
4	-269.3	-130.5	271	0.00
4	-269.3	-130.5	151	0.00
4	-269.3	-130.5	311	0.00
4	-269.3	-130.5	111	0.00
4	-130.0	-125.2	180	0.00
4	-130.0	-125.2	240	0.00
4	-130.0	-125.2	120	0.00
4	-130.0	-125.2	280	0.00
4	-130.0	-125.2	80	0.00
4	-128.0	-130.0	90	0.00
4	-128.0	-130.0	150	0.00
4	-128.0	-130.0	30	0.00
4	-128.0	-130.0	190	0.00
4	-128.0	-130.0	-10	0.00
4	-128.0	-128.0	90	0.00
4	-128.0	-128.0	150	0.00
4	-128.0	-128.0	30	0.00
4	-128.0	-128.0	190	0.00
4	-128.0	-128.0	-10	0.00
4	-60.0	-124.0	180	0.00
4	-60.0	-124.0	240	0.00
4	-60.0	-124.0	120	0.00
4	-60.0	-124.0	280	0.00
4	-60.0	-124.0	80	0.00
4	-59.0	-130.0	270	0.00
4	-59.0	-130.0	330	0.00
4	-59.0	-130.0	210	0.00
4	-59.0	-130.0	370	0.00
4	-59.0	-130.0	170	0.00
12	-191.0	-306.3	185	0.00
12	-191.0	-306.3	245	0.00
12	-191.0	-306.3	125	0.00
12	-191.0	-306.3	285	0.00
12	-191.0	-306.3	85	0.00
12	-190.0	-317.8	0	0.00
12	-190.0	-317.8	60	0.00
12	-190.0	-317.8	-60	0.00
12	-190.0	-317.8	100	0.00
12	-190.0	-317.8	-100	0.00
12	-185.0	-317.0	90	0.00
12	-185.0	-317.0	150	0.00
12	-185.0	-317.0	30	0.00
12	-185.0	-317.0	190	0.00
12	-185.0	-317.0	-10	0.00
12	-185.0	-310.0	90	0.00
12	-185.0	-310.0	150	0.00
12	-185.0	-310.0	30	0.00
12	-185.0	-310.0	190	0.00
12	-185.0	-310.0	-10	0.00
12	-185.0	-303.0	90	0.00
12	-185.0	-303.0	150	0.00
12	-185.0	-303.0	30	0.00
12	-185.0	-303.0	190	0.00
12	-185.0	-303.0	-10	0.00
12	-170.0	-317.6	0	0.00
12	-170.0	-317.6	60	0.00
12	-170.0	-317.6	-60	0.00
12	-170.0	-317.6	100	0.00
12	-170.0	-317.6	-100	0.00
12	-150.0	-314.9	0	0.00
12	-150.0	-314.9	60	0.00
12	-150.0	-314.9	-60	0.00
12	-150.0	-314.9	100	0.00
12	-150.0	-314.9	-100	0.00
12	-130.0	-314.9	0	0.00
12	-130.0	-314.9	60	0.00
12	-130.0	-314.9	-60	0.00
12	-130.0	-314.9	100	0.00
12	-130.0	-314.9	-100	0.00
12	-110.0	-317.6	0	0.00
12	-110.0	-317.6	60	0.01
12	-110.0	-317.6	-60	0.00
12	-110.0	-317.6	100	0.00
12	-110.0	-317.6	-100	0.00
12	-90.0	-317.6	0	0.00
12	-90.0	-317.6	60	0.00
12	-90.0	-317.6	-60	0.00
12	-90.0	-317.6	100	0.00
12	-90.0	-317.6	-100	0.00
12	-70.0	-317.6	0	0.00
12	-70.0	-317.6	60	0.00
12	-70.0	-317.6	-60	0.00
12	-70.0	-317.6	100	0.00
12	-70.0	-317.6	-100	0.00
12	-50.0	-313.4	0	0.00
12	-50.0	-313.4	60	0.00
12	-50.0	-313.4	-60	0.00
12	-50.0	-313.4	100	0.00
12	-50.0	-313.4	-100	0.00
12	-30.0	-313.4	0	0.00
12	-30.0	-313.4	60	0.00
12	-30.0	-313.4	-60	0.00
12	-30.0	-313.4	100	0.00
12	-30.0	-313.4	-100	0.00
12	-8.2	-296.2	270	0.00
12	-8.2	-296.2	330	0.00
12	-8.2	-296.2	210	0.00
12	-8.2	-296.2	370	0.00
12	-8.2	-296.2	170	0.00
12	-8.2	-310.0	270	0.00
12	-8.2	-310.0	330	0.00
12	-8.2	-310.0	210	0.00
12	-8.2	-310.0	370	0.00
12	-8.2	-310.0	170	0.00
12	-8.2	-323.8	270	0.00
12	-8.2	-323.8	330	0.00
12	-8.2	-323.8	210	0.00
12	-8.2	-323.8	370	0.00
12	-8.2	-323.8	170	0.00
12	-10.0	-316.4	0	0.00
12	-10.0	-316.4	60	0.00
12	-10.0	-316.4	-60	0.00
12	-10.0	-316.4	100	0.00
12	-10.0	-316.4	-100	0.00
12	-191.0	-272.4	355	0.00
12	-191.0	-272.4	415	0.00
12	-191.0	-272.4	295	0.00
12	-191.0	-272.4	455	2.00
12	-191.0	-272.4	255	0.00
12	-185.0	-280.0	90	0.00
12	-185.0	-280.0	150	0.00
12	-185.0	-280.0	30	15.78
12	-185.0	-280.0	190	0.00
12	-185.0	-280.0	-10	0.03
12	-185.0	-273.0	90	0.00
12	-185.0	-273.0	150	0.00
12	-185.0	-273.0	30	0.00
12	-185.0	-273.0	190	0.00
12	-185.0	-273.0	-10	0.00
12	-3.0	-280.0	270	0.00
12	-3.0	-280.0	330	0.00
12	-3.0	-280.0	210	0.00
12	-3.0	-280.0	370	0.00
12	-3.0	-280.0	170	0.00
12	-8.2	-293.8	270	0.00
12	-8.2	-293.8	330	0.00
12	-8.2	-293.8	210	0.00
12	-8.2	-293.8	370	0.00
12	-8.2	-293.8	170	0.00
12	-185.0	-257.0	90	0.00
12	-185.0	-257.0	150	0.00
12	-185.0	-257.0	30	0.00
12	-185.0	-257.0	190	0.00
12	-185.0	-257.0	-10	0.00
12	-185.0	-250.0	90	0.00
12	-185.0	-250.0	150	0.00
12	-185.0	-250.0	30	0.00
12	-185.0	-250.0	190	0.00
12	-185.0	-250.0	-10	0.00
12	-185.0	-243.0	90	0.00
12	-185.0	-243.0	150	0.00
12	-185.0	-243.0	30	0.00
12	-185.0	-243.0	190	0.00
12	-185.0	-243.0	-10	0.00
12	-171.9	-250.0	90	0.00
12	-171.9	-250.0	150	0.00
12	-171.9	-250.0	30	0.00
12	-171.9	-250.0	190	0.00
12	-171.9	-250.0	-10	0.00
12	-4.0	-250.0	270	0.00
12	-4.0	-250.0	330	0.00
12	-4.0	-250.0	210	0.00
12	-4.0	-250.0	370	0.00
12	-4.0	-250.0	170	0.00
12	-185.0	-227.0	90	0.00
12	-185.0	-227.0	150	0.00
12	-185.0	-227.0	30	0.00
12	-185.0	-227.0	190	0.00
12	-185.0	-227.0	-10	0.00
12	-185.0	-220.0	90	0.00
12	-185.0	-220.0	150	0.00
12	-185.0	-220.0	30	0.00
12	-185.0	-220.0	190	0.00
12	-185.0	-220.0	-10	0.00
12	-185.0	-213.0	90	0.00
12	-185.0	-213.0	150	0.00
12	-185.0	-213.0	30	0.00
12	-185.0	-213.0	190	0.00
12	-185.0	-213.0	-10	0.00
12	-171.9	-220.0	90	0.00
12	-171.9	-220.0	150	0.00
12	-171.9	-220.0	30	0.00
12	-171.9	-220.0	190	0.00
12	-171.9	-220.0	-10	0.00
12	-4.0	-220.0	270	0.00
12	-4.0	-220.0	330	0.00
12	-4.0	-220.0	210	0.00
12	-4.0	-220.0	370	0.00
12	-4.0	-220.0	170	0.00
12	-357.1	-186.0	292	0.00
12	-357.1	-186.0	352	0.00
12	-357.1	-186.0	232	0.00
12	-357.1	-186.0	392	0.00
12	-357.1	-186.0	192	0.00
12	-359.8	-192.2	293	0.00
12	-359.8	-192.2	353	0.00
12	-359.8	-192.2	233	0.00
12	-359.8	-192.2	393	0.00
12	-359.8	-192.2	193	0.00
12	-194.2	-197.0	200	0.00
12	-194.2	-197.0	260	0.00
12	-194.2	-197.0	140	0.00
12	-194.2	-197.0	300	0.00
12	-194.2	-197.0	100	0.00
12	-185.0	-197.0	90	0.00
12	-185.0	-197.0	150	0.00
12	-185.0	-197.0	30	0.00
12	-185.0	-197.0	190	0.00
12	-185.0	-197.0	-10	0.00
12	-185.0	-190.0	90	0.00
12	-185.0	-190.0	150	0.00
12	-185.0	-190.0	30	0.00
12	-185.0	-190.0	190	0.00
12	-185.0	-190.0	-10	0.00
12	-8.3	-176.3	270	0.00
12	-8.3	-176.3	330	0.00
12	-8.3	-176.3	210	0.00
12	-8.3	-176.3	370	0.00
12	-8.3	-176.3	170	0.00
12	-4.0	-190.0	270	0.00
12	-4.0	-190.0	330	0.00
12	-4.0	-190.0	210	0.00
12	-4.0	-190.0	370	0.00
12	-4.0	-190.0	170	0.00
12	-194.2	-165.2	340	0.00
12	-194.2	-165.2	400	0.00
12	-194.2	-165.2	280	0.00
12	-194.2	-165.2	440	0.00
12	-194.2	-165.2	240	0.00
12	-185.0	-167.0	90	0.00
12	-185.0	-167.0	150	0.00
12	-185.0	-167.0	30	0.00
12	-185.0	-167.0	190	0.00
12	-185.0	-167.0	-10	0.00
12	-185.0	-160.0	90	0.00
12	-185.0	-160.0	150	0.00
12	-185.0	-160.0	30	0.00
12	-185.0	-160.0	190	0.00
12	-185.0	-160.0	-10	0.00
12	-185.0	-153.0	90	0.00
12	-185.0	-153.0	150	0.00
12	-185.0	-153.0	30	0.00
12	-185.0	-153.0	190	0.00
12	-185.0	-153.0	-10	0.00
12	-8.6	-146.6	270	0.00
12	-8.6	-146.6	330	0.00
12	-8.6	-146.6	210	0.00
12	-8.6	-146.6	370	0.00
12	-8.6	-146.6	170	0.00
12	-8.6	-160.0	270	0.00
12	-8.6	-160.0	330	0.00
12	-8.6	-160.0	210	0.00
12	-8.6	-160.0	370	0.00
12	-8.6	-160.0	170	0.00
12	-8.3	-173.7	270	0.00
12	-8.3	-173.7	330	0.00
12	-8.3	-173.7	210	0.00
12	-8.3	-173.7	370	0.00
12	-8.3	-173.7	170	0.00
12	-273.0	-136.6	211	0.00
12	-273.0	-136.6	271	0.00
12	-273.0	-136.6	151	0.00
12	-273.0	-136.6	311	0.00
12	-273.0	-136.6	111	0.00
12	-130.0	-133.2	180	0.00
12	-130.0	-133.2	240	0.00
12	-130.0	-133.2	120	0.00
12	-130.0	-133.2	280	0.00
12	-130.0	-133.2	80	0.00
12	-120.0	-130.0	90	0.00
12	-120.0	-130.0	150	0.00
12	-120.0	-130.0	30	0.00
12	-120.0	-130.0	190	0.00
12	-120.0	-130.0	-10	0.00
12	-120.0	-128.0	90	0.00
12	-120.0	-128.0	150	0.00
12	-120.0	-128.0	30	0.00
12	-120.0	-128.0	190	0.00
12	-120.0	-128.0	-10	0.00
12	-60.0	-132.0	180	0.00
12	-60.0	-132.0	240	0.00
12	-60.0	-132.0	120	0.00
12	-60.0	-132.0	280	0.00
12	-60.0	-132.0	80	0.00
12	-67.0	-130.0	270	0.00
12	-67.0	-130.0	330	0.00
12	-67.0	-130.0	210	0.00
12	-67.0	-130.0	370	0.00
12	-67.0	-130.0	170	0.00
