x	y	z	yaw	pitch	kind	diffPct
-190.0	25.0	-325.0	0	12	grid	0.00
-190.0	25.0	-325.0	45	12	grid	0.00
-190.0	25.0	-325.0	90	12	grid	0.00
-190.0	25.0	-325.0	135	12	grid	0.00
-190.0	25.0	-325.0	180	12	grid	0.00
-190.0	25.0	-325.0	225	12	grid	0.00
-190.0	25.0	-325.0	270	12	grid	0.00
-190.0	25.0	-325.0	315	12	grid	0.00
-185.4	25.0	-328.8	0	12	hug	0.00
-185.4	25.0	-328.8	60	12	hug	0.00
-185.4	25.0	-328.8	300	12	hug	0.00
-185.4	25.0	-328.8	100	12	hug	0.00
-185.4	25.0	-328.8	260	12	hug	0.00
-190.0	25.0	-329.0	0	12	hug	0.00
-190.0	25.0	-329.0	60	12	hug	0.00
-190.0	25.0	-329.0	300	12	hug	0.00
-190.0	25.0	-329.0	100	12	hug	0.00
-190.0	25.0	-329.0	260	12	hug	0.00
-193.4	25.0	-327.6	0	12	hug	0.00
-193.4	25.0	-327.6	60	12	hug	0.00
-193.4	25.0	-327.6	300	12	hug	0.00
-193.4	25.0	-327.6	100	12	hug	0.00
-193.4	25.0	-327.6	260	12	hug	0.00
-196.2	25.0	-325.0	90	12	hug	0.00
-196.2	25.0	-325.0	150	12	hug	0.00
-196.2	25.0	-325.0	30	12	hug	0.00
-196.2	25.0	-325.0	190	12	hug	0.00
-196.2	25.0	-325.0	350	12	hug	0.00
-196.2	25.0	-318.0	90	12	hug	0.00
-196.2	25.0	-318.0	150	12	hug	0.00
-196.2	25.0	-318.0	30	12	hug	0.00
-196.2	25.0	-318.0	190	12	hug	0.00
-196.2	25.0	-318.0	350	12	hug	0.58
-170.0	25.0	-325.0	0	12	grid	0.00
-170.0	25.0	-325.0	45	12	grid	0.00
-170.0	25.0	-325.0	90	12	grid	0.00
-170.0	25.0	-325.0	135	12	grid	0.00
-170.0	25.0	-325.0	180	12	grid	0.00
-170.0	25.0	-325.0	225	12	grid	0.00
-170.0	25.0	-325.0	270	12	grid	0.00
-170.0	25.0	-325.0	315	12	grid	0.00
-168.1	25.0	-327.7	270	12	hug	0.00
-168.1	25.0	-327.7	330	12	hug	0.00
-168.1	25.0	-327.7	210	12	hug	0.00
-168.1	25.0	-327.7	10	12	hug	0.00
-168.1	25.0	-327.7	170	12	hug	0.00
-170.0	25.0	-328.8	0	12	hug	0.00
-170.0	25.0	-328.8	60	12	hug	0.00
-170.0	25.0	-328.8	300	12	hug	0.00
-170.0	25.0	-328.8	100	12	hug	0.00
-170.0	25.0	-328.8	260	12	hug	0.00
-174.6	25.0	-328.8	0	12	hug	0.00
-174.6	25.0	-328.8	60	12	hug	0.00
-174.6	25.0	-328.8	300	12	hug	0.00
-174.6	25.0	-328.8	100	12	hug	0.00
-174.6	25.0	-328.8	260	12	hug	0.00
-150.0	25.0	-325.0	0	12	grid	0.00
-150.0	25.0	-325.0	45	12	grid	0.00
-150.0	25.0	-325.0	90	12	grid	0.00
-150.0	25.0	-325.0	135	12	grid	0.00
-150.0	25.0	-325.0	180	12	grid	0.00
-150.0	25.0	-325.0	225	12	grid	0.00
-150.0	25.0	-325.0	270	12	grid	0.00
-150.0	25.0	-325.0	315	12	grid	0.00
-148.1	25.0	-326.1	0	12	hug	0.00
-148.1	25.0	-326.1	60	12	hug	0.00
-148.1	25.0	-326.1	300	12	hug	0.00
-148.1	25.0	-326.1	100	12	hug	0.00
-148.1	25.0	-326.1	260	12	hug	0.00
-150.0	25.0	-326.1	0	12	hug	0.00
-150.0	25.0	-326.1	60	12	hug	0.00
-150.0	25.0	-326.1	300	12	hug	0.00
-150.0	25.0	-326.1	100	12	hug	0.00
-150.0	25.0	-326.1	260	12	hug	0.00
-151.9	25.0	-326.1	0	12	hug	0.00
-151.9	25.0	-326.1	60	12	hug	0.00
-151.9	25.0	-326.1	300	12	hug	0.00
-151.9	25.0	-326.1	100	12	hug	0.00
-151.9	25.0	-326.1	260	12	hug	0.00
-130.0	25.0	-325.0	0	12	grid	0.00
-130.0	25.0	-325.0	45	12	grid	0.00
-130.0	25.0	-325.0	90	12	grid	0.00
-130.0	25.0	-325.0	135	12	grid	0.00
-130.0	25.0	-325.0	180	12	grid	0.00
-130.0	25.0	-325.0	225	12	grid	0.00
-130.0	25.0	-325.0	270	12	grid	0.00
-130.0	25.0	-325.0	315	12	grid	0.00
-125.2	25.0	-329.0	0	12	hug	0.00
-125.2	25.0	-329.0	60	12	hug	0.00
-125.2	25.0	-329.0	300	12	hug	0.00
-125.2	25.0	-329.0	100	12	hug	0.00
-125.2	25.0	-329.0	260	12	hug	0.00
-130.0	25.0	-326.1	0	12	hug	0.00
-130.0	25.0	-326.1	60	12	hug	0.00
-130.0	25.0	-326.1	300	12	hug	0.00
-130.0	25.0	-326.1	100	12	hug	0.00
-130.0	25.0	-326.1	260	12	hug	0.00
-131.9	25.0	-326.1	0	12	hug	0.00
-131.9	25.0	-326.1	60	12	hug	0.00
-131.9	25.0	-326.1	300	12	hug	0.00
-131.9	25.0	-326.1	100	12	hug	0.00
-131.9	25.0	-326.1	260	12	hug	0.00
-110.0	25.0	-325.0	0	12	grid	0.00
-110.0	25.0	-325.0	45	12	grid	0.00
-110.0	25.0	-325.0	90	12	grid	0.00
-110.0	25.0	-325.0	135	12	grid	0.00
-110.0	25.0	-325.0	180	12	grid	0.00
-110.0	25.0	-325.0	225	12	grid	0.00
-110.0	25.0	-325.0	270	12	grid	0.00
-110.0	25.0	-325.0	315	12	grid	0.00
-105.4	25.0	-328.8	0	12	hug	0.00
-105.4	25.0	-328.8	60	12	hug	0.00
-105.4	25.0	-328.8	300	12	hug	0.00
-105.4	25.0	-328.8	100	12	hug	0.00
-105.4	25.0	-328.8	260	12	hug	0.00
-110.0	25.0	-328.8	0	12	hug	0.00
-110.0	25.0	-328.8	60	12	hug	0.00
-110.0	25.0	-328.8	300	12	hug	0.00
-110.0	25.0	-328.8	100	12	hug	0.00
-110.0	25.0	-328.8	260	12	hug	0.00
-114.6	25.0	-328.8	0	12	hug	0.00
-114.6	25.0	-328.8	60	12	hug	0.00
-114.6	25.0	-328.8	300	12	hug	0.00
-114.6	25.0	-328.8	100	12	hug	0.00
-114.6	25.0	-328.8	260	12	hug	0.00
-90.0	25.0	-325.0	0	12	grid	0.00
-90.0	25.0	-325.0	45	12	grid	0.00
-90.0	25.0	-325.0	90	12	grid	0.00
-90.0	25.0	-325.0	135	12	grid	0.00
-90.0	25.0	-325.0	180	12	grid	0.00
-90.0	25.0	-325.0	225	12	grid	0.00
-90.0	25.0	-325.0	270	12	grid	0.00
-90.0	25.0	-325.0	315	12	grid	0.00
-85.4	25.0	-328.8	0	12	hug	0.00
-85.4	25.0	-328.8	60	12	hug	0.00
-85.4	25.0	-328.8	300	12	hug	0.00
-85.4	25.0	-328.8	100	12	hug	0.00
-85.4	25.0	-328.8	260	12	hug	0.00
-90.0	25.0	-328.8	0	12	hug	0.00
-90.0	25.0	-328.8	60	12	hug	0.00
-90.0	25.0	-328.8	300	12	hug	0.00
-90.0	25.0	-328.8	100	12	hug	0.00
-90.0	25.0	-328.8	260	12	hug	0.00
-94.6	25.0	-328.8	0	12	hug	0.00
-94.6	25.0	-328.8	60	12	hug	0.00
-94.6	25.0	-328.8	300	12	hug	0.00
-94.6	25.0	-328.8	100	12	hug	0.00
-94.6	25.0	-328.8	260	12	hug	0.00
-70.0	25.0	-325.0	0	12	grid	0.00
-70.0	25.0	-325.0	45	12	grid	0.00
-70.0	25.0	-325.0	90	12	grid	0.00
-70.0	25.0	-325.0	135	12	grid	0.00
-70.0	25.0	-325.0	180	12	grid	0.00
-70.0	25.0	-325.0	225	12	grid	0.00
-70.0	25.0	-325.0	270	12	grid	0.00
-70.0	25.0	-325.0	315	12	grid	0.00
-54.2	25.0	-325.0	270	12	hug	0.00
-54.2	25.0	-325.0	330	12	hug	0.00
-54.2	25.0	-325.0	210	12	hug	0.00
-54.2	25.0	-325.0	10	12	hug	0.00
-54.2	25.0	-325.0	170	12	hug	0.00
-65.4	25.0	-328.8	0	12	hug	0.00
-65.4	25.0	-328.8	60	12	hug	0.00
-65.4	25.0	-328.8	300	12	hug	0.00
-65.4	25.0	-328.8	100	12	hug	0.00
-65.4	25.0	-328.8	260	12	hug	0.00
-70.0	25.0	-328.8	0	12	hug	0.00
-70.0	25.0	-328.8	60	12	hug	0.00
-70.0	25.0	-328.8	300	12	hug	0.00
-70.0	25.0	-328.8	100	12	hug	0.00
-70.0	25.0	-328.8	260	12	hug	0.00
-74.6	25.0	-328.8	0	12	hug	0.00
-74.6	25.0	-328.8	60	12	hug	0.00
-74.6	25.0	-328.8	300	12	hug	0.00
-74.6	25.0	-328.8	100	12	hug	0.00
-74.6	25.0	-328.8	260	12	hug	0.00
-10.0	25.0	-325.0	0	12	grid	0.00
-10.0	25.0	-325.0	45	12	grid	0.00
-10.0	25.0	-325.0	90	12	grid	0.00
-10.0	25.0	-325.0	135	12	grid	0.00
-10.0	25.0	-325.0	180	12	grid	0.00
-10.0	25.0	-325.0	225	12	grid	0.00
-10.0	25.0	-325.0	270	12	grid	0.00
-10.0	25.0	-325.0	315	12	grid	0.00
3.0	25.0	-311.2	270	12	hug	53.58
3.0	25.0	-311.2	330	12	hug	19.88
3.0	25.0	-311.2	210	12	hug	31.34
3.0	25.0	-311.2	10	12	hug	2.46
3.0	25.0	-311.2	170	12	hug	0.00
3.0	25.0	-325.0	270	12	hug	27.57
3.0	25.0	-325.0	330	12	hug	39.09
3.0	25.0	-325.0	210	12	hug	0.00
3.0	25.0	-325.0	10	12	hug	21.72
3.0	25.0	-325.0	170	12	hug	0.00
-6.6	25.0	-327.6	0	12	hug	0.00
-6.6	25.0	-327.6	60	12	hug	0.00
-6.6	25.0	-327.6	300	12	hug	0.91
-6.6	25.0	-327.6	100	12	hug	0.00
-6.6	25.0	-327.6	260	12	hug	0.65
-10.0	25.0	-327.6	0	12	hug	0.00
-10.0	25.0	-327.6	60	12	hug	0.00
-10.0	25.0	-327.6	300	12	hug	0.80
-10.0	25.0	-327.6	100	12	hug	0.00
-10.0	25.0	-327.6	260	12	hug	0.55
-13.4	25.0	-327.6	0	12	hug	0.00
-13.4	25.0	-327.6	60	12	hug	0.00
-13.4	25.0	-327.6	300	12	hug	0.28
-13.4	25.0	-327.6	100	12	hug	0.00
-13.4	25.0	-327.6	260	12	hug	0.19
-17.7	25.0	-325.0	90	12	hug	0.00
-17.7	25.0	-325.0	150	12	hug	0.00
-17.7	25.0	-325.0	30	12	hug	0.00
-17.7	25.0	-325.0	190	12	hug	0.00
-17.7	25.0	-325.0	350	12	hug	0.00
-190.0	25.0	-310.0	0	12	grid	0.00
-190.0	25.0	-310.0	45	12	grid	0.00
-190.0	25.0	-310.0	90	12	grid	0.00
-190.0	25.0	-310.0	135	12	grid	0.00
-190.0	25.0	-310.0	180	12	grid	0.00
-190.0	25.0	-310.0	225	12	grid	0.00
-190.0	25.0	-310.0	270	12	grid	0.00
-190.0	25.0	-310.0	315	12	grid	0.00
-190.1	25.0	-295.1	185	12	hug	0.00
-190.1	25.0	-295.1	245	12	hug	0.00
-190.1	25.0	-295.1	125	12	hug	0.00
-190.1	25.0	-295.1	285	12	hug	0.00
-190.1	25.0	-295.1	85	12	hug	0.00
-190.0	25.0	-329.0	0	12	hug	0.00
-190.0	25.0	-329.0	60	12	hug	0.00
-190.0	25.0	-329.0	300	12	hug	0.00
-190.0	25.0	-329.0	100	12	hug	0.00
-190.0	25.0	-329.0	260	12	hug	0.00
-196.2	25.0	-317.0	90	12	hug	0.00
-196.2	25.0	-317.0	150	12	hug	0.00
-196.2	25.0	-317.0	30	12	hug	0.00
-196.2	25.0	-317.0	190	12	hug	0.00
-196.2	25.0	-317.0	350	12	hug	0.62
-196.2	25.0	-310.0	90	12	hug	0.00
-196.2	25.0	-310.0	150	12	hug	0.00
-196.2	25.0	-310.0	30	12	hug	1.35
-196.2	25.0	-310.0	190	12	hug	0.00
-196.2	25.0	-310.0	350	12	hug	1.03
-196.2	25.0	-303.0	90	12	hug	0.00
-196.2	25.0	-303.0	150	12	hug	0.00
-196.2	25.0	-303.0	30	12	hug	1.82
-196.2	25.0	-303.0	190	12	hug	0.00
-196.2	25.0	-303.0	350	12	hug	1.41
-170.0	25.0	-310.0	0	12	grid	0.00
-170.0	25.0	-310.0	45	12	grid	0.00
-170.0	25.0	-310.0	90	12	grid	0.00
-170.0	25.0	-310.0	135	12	grid	0.00
-170.0	25.0	-310.0	180	12	grid	0.00
-170.0	25.0	-310.0	225	12	grid	0.00
-170.0	25.0	-310.0	270	12	grid	0.00
-170.0	25.0	-310.0	315	12	grid	0.00
-170.0	25.0	-328.8	0	12	hug	0.00
-170.0	25.0	-328.8	60	12	hug	0.00
-170.0	25.0	-328.8	300	12	hug	0.00
-170.0	25.0	-328.8	100	12	hug	0.00
-170.0	25.0	-328.8	260	12	hug	0.00
-150.0	25.0	-310.0	0	12	grid	0.00
-150.0	25.0	-310.0	45	12	grid	0.00
-150.0	25.0	-310.0	90	12	grid	0.00
-150.0	25.0	-310.0	135	12	grid	0.00
-150.0	25.0	-310.0	180	12	grid	0.00
-150.0	25.0	-310.0	225	12	grid	0.00
-150.0	25.0	-310.0	270	12	grid	0.00
-150.0	25.0	-310.0	315	12	grid	0.00
-150.0	25.0	-326.1	0	12	hug	0.00
-150.0	25.0	-326.1	60	12	hug	0.00
-150.0	25.0	-326.1	300	12	hug	0.00
-150.0	25.0	-326.1	100	12	hug	0.00
-150.0	25.0	-326.1	260	12	hug	0.00
-130.0	25.0	-310.0	0	12	grid	0.00
-130.0	25.0	-310.0	45	12	grid	0.00
-130.0	25.0	-310.0	90	12	grid	0.00
-130.0	25.0	-310.0	135	12	grid	0.00
-130.0	25.0	-310.0	180	12	grid	0.00
-130.0	25.0	-310.0	225	12	grid	0.00
-130.0	25.0	-310.0	270	12	grid	0.00
-130.0	25.0	-310.0	315	12	grid	0.00
-130.0	25.0	-326.1	0	12	hug	0.00
-130.0	25.0	-326.1	60	12	hug	0.00
-130.0	25.0	-326.1	300	12	hug	0.00
-130.0	25.0	-326.1	100	12	hug	0.00
-130.0	25.0	-326.1	260	12	hug	0.00
-110.0	25.0	-310.0	0	12	grid	0.00
-110.0	25.0	-310.0	45	12	grid	0.00
-110.0	25.0	-310.0	90	12	grid	0.00
-110.0	25.0	-310.0	135	12	grid	0.00
-110.0	25.0	-310.0	180	12	grid	0.00
-110.0	25.0	-310.0	225	12	grid	0.00
-110.0	25.0	-310.0	270	12	grid	0.00
-110.0	25.0	-310.0	315	12	grid	0.00
-110.0	25.0	-328.8	0	12	hug	0.00
-110.0	25.0	-328.8	60	12	hug	0.00
-110.0	25.0	-328.8	300	12	hug	0.00
-110.0	25.0	-328.8	100	12	hug	0.00
-110.0	25.0	-328.8	260	12	hug	0.00
-90.0	25.0	-310.0	0	12	grid	0.00
-90.0	25.0	-310.0	45	12	grid	0.00
-90.0	25.0	-310.0	90	12	grid	0.00
-90.0	25.0	-310.0	135	12	grid	0.00
-90.0	25.0	-310.0	180	12	grid	0.00
-90.0	25.0	-310.0	225	12	grid	0.00
-90.0	25.0	-310.0	270	12	grid	0.00
-90.0	25.0	-310.0	315	12	grid	0.00
-90.0	25.0	-328.8	0	12	hug	0.00
-90.0	25.0	-328.8	60	12	hug	0.00
-90.0	25.0	-328.8	300	12	hug	0.00
-90.0	25.0	-328.8	100	12	hug	0.00
-90.0	25.0	-328.8	260	12	hug	0.00
-70.0	25.0	-310.0	0	12	grid	0.00
-70.0	25.0	-310.0	45	12	grid	0.00
-70.0	25.0	-310.0	90	12	grid	0.00
-70.0	25.0	-310.0	135	12	grid	0.00
-70.0	25.0	-310.0	180	12	grid	0.00
-70.0	25.0	-310.0	225	12	grid	0.00
-70.0	25.0	-310.0	270	12	grid	0.00
-70.0	25.0	-310.0	315	12	grid	0.00
-70.0	25.0	-328.8	0	12	hug	0.00
-70.0	25.0	-328.8	60	12	hug	0.00
-70.0	25.0	-328.8	300	12	hug	0.00
-70.0	25.0	-328.8	100	12	hug	0.00
-70.0	25.0	-328.8	260	12	hug	0.00
-50.0	25.0	-310.0	0	12	grid	0.00
-50.0	25.0	-310.0	45	12	grid	0.00
-50.0	25.0	-310.0	90	12	grid	0.00
-50.0	25.0	-310.0	135	12	grid	0.00
-50.0	25.0	-310.0	180	12	grid	0.00
-50.0	25.0	-310.0	225	12	grid	0.00
-50.0	25.0	-310.0	270	12	grid	0.00
-50.0	25.0	-310.0	315	12	grid	0.00
-50.0	25.0	-324.6	0	12	hug	1.83
-50.0	25.0	-324.6	60	12	hug	6.92
-50.0	25.0	-324.6	300	12	hug	0.00
-50.0	25.0	-324.6	100	12	hug	1.28
-50.0	25.0	-324.6	260	12	hug	0.00
-30.0	25.0	-310.0	0	12	grid	0.00
-30.0	25.0	-310.0	45	12	grid	0.00
-30.0	25.0	-310.0	90	12	grid	0.00
-30.0	25.0	-310.0	135	12	grid	0.00
-30.0	25.0	-310.0	180	12	grid	0.00
-30.0	25.0	-310.0	225	12	grid	0.00
-30.0	25.0	-310.0	270	12	grid	0.00
-30.0	25.0	-310.0	315	12	grid	0.00
-30.0	25.0	-324.6	0	12	hug	25.93
-30.0	25.0	-324.6	60	12	hug	4.95
-30.0	25.0	-324.6	300	12	hug	23.22
-30.0	25.0	-324.6	100	12	hug	1.78
-30.0	25.0	-324.6	260	12	hug	8.31
-10.0	25.0	-310.0	0	12	grid	0.00
-10.0	25.0	-310.0	45	12	grid	0.00
-10.0	25.0	-310.0	90	12	grid	0.00
-10.0	25.0	-310.0	135	12	grid	0.00
-10.0	25.0	-310.0	180	12	grid	0.00
-10.0	25.0	-310.0	225	12	grid	0.00
-10.0	25.0	-310.0	270	12	grid	0.00
-10.0	25.0	-310.0	315	12	grid	0.00
3.0	25.0	-296.2	270	12	hug	32.13
3.0	25.0	-296.2	330	12	hug	0.00
3.0	25.0	-296.2	210	12	hug	34.93
3.0	25.0	-296.2	10	12	hug	0.00
3.0	25.0	-296.2	170	12	hug	6.92
3.0	25.0	-310.0	270	12	hug	55.94
3.0	25.0	-310.0	330	12	hug	19.74
3.0	25.0	-310.0	210	12	hug	32.27
3.0	25.0	-310.0	10	12	hug	1.93
3.0	25.0	-310.0	170	12	hug	0.00
3.0	25.0	-323.8	270	12	hug	29.51
3.0	25.0	-323.8	330	12	hug	38.54
3.0	25.0	-323.8	210	12	hug	0.96
3.0	25.0	-323.8	10	12	hug	22.05
3.0	25.0	-323.8	170	12	hug	0.00
-10.0	25.0	-327.6	0	12	hug	0.00
-10.0	25.0	-327.6	60	12	hug	0.00
-10.0	25.0	-327.6	300	12	hug	0.80
-10.0	25.0	-327.6	100	12	hug	0.00
-10.0	25.0	-327.6	260	12	hug	0.55
-170.0	25.0	-295.0	0	12	grid	0.00
-170.0	25.0	-295.0	45	12	grid	0.00
-170.0	25.0	-295.0	90	12	grid	0.00
-170.0	25.0	-295.0	135	12	grid	0.00
-170.0	25.0	-295.0	180	12	grid	0.00
-170.0	25.0	-295.0	225	12	grid	0.00
-170.0	25.0	-295.0	270	12	grid	0.00
-170.0	25.0	-295.0	315	12	grid	0.00
-150.0	25.0	-295.0	0	12	grid	0.00
-150.0	25.0	-295.0	45	12	grid	0.00
-150.0	25.0	-295.0	90	12	grid	0.00
-150.0	25.0	-295.0	135	12	grid	0.00
-150.0	25.0	-295.0	180	12	grid	0.00
-150.0	25.0	-295.0	225	12	grid	0.00
-150.0	25.0	-295.0	270	12	grid	0.00
-150.0	25.0	-295.0	315	12	grid	0.00
-130.0	25.0	-295.0	0	12	grid	0.00
-130.0	25.0	-295.0	45	12	grid	0.00
-130.0	25.0	-295.0	90	12	grid	0.00
-130.0	25.0	-295.0	135	12	grid	0.00
-130.0	25.0	-295.0	180	12	grid	0.00
-130.0	25.0	-295.0	225	12	grid	0.00
-130.0	25.0	-295.0	270	12	grid	0.00
-130.0	25.0	-295.0	315	12	grid	0.00
-110.0	25.0	-295.0	0	12	grid	0.00
-110.0	25.0	-295.0	45	12	grid	0.00
-110.0	25.0	-295.0	90	12	grid	0.00
-110.0	25.0	-295.0	135	12	grid	0.00
-110.0	25.0	-295.0	180	12	grid	0.00
-110.0	25.0	-295.0	225	12	grid	0.00
-110.0	25.0	-295.0	270	12	grid	0.00
-110.0	25.0	-295.0	315	12	grid	0.00
-90.0	25.0	-295.0	0	12	grid	0.00
-90.0	25.0	-295.0	45	12	grid	0.00
-90.0	25.0	-295.0	90	12	grid	0.00
-90.0	25.0	-295.0	135	12	grid	0.00
-90.0	25.0	-295.0	180	12	grid	0.00
-90.0	25.0	-295.0	225	12	grid	0.00
-90.0	25.0	-295.0	270	12	grid	0.00
-90.0	25.0	-295.0	315	12	grid	0.00
-70.0	25.0	-295.0	0	12	grid	0.00
-70.0	25.0	-295.0	45	12	grid	0.00
-70.0	25.0	-295.0	90	12	grid	0.00
-70.0	25.0	-295.0	135	12	grid	0.00
-70.0	25.0	-295.0	180	12	grid	0.00
-70.0	25.0	-295.0	225	12	grid	0.00
-70.0	25.0	-295.0	270	12	grid	0.00
-70.0	25.0	-295.0	315	12	grid	0.00
-50.0	25.0	-295.0	0	12	grid	0.00
-50.0	25.0	-295.0	45	12	grid	0.00
-50.0	25.0	-295.0	90	12	grid	0.00
-50.0	25.0	-295.0	135	12	grid	0.00
-50.0	25.0	-295.0	180	12	grid	0.00
-50.0	25.0	-295.0	225	12	grid	0.00
-50.0	25.0	-295.0	270	12	grid	0.00
-50.0	25.0	-295.0	315	12	grid	0.00
-30.0	25.0	-295.0	0	12	grid	0.00
-30.0	25.0	-295.0	45	12	grid	0.00
-30.0	25.0	-295.0	90	12	grid	0.00
-30.0	25.0	-295.0	135	12	grid	0.00
-30.0	25.0	-295.0	180	12	grid	0.00
-30.0	25.0	-295.0	225	12	grid	0.00
-30.0	25.0	-295.0	270	12	grid	0.00
-30.0	25.0	-295.0	315	12	grid	0.00
-10.0	25.0	-295.0	0	12	grid	0.00
-10.0	25.0	-295.0	45	12	grid	0.00
-10.0	25.0	-295.0	90	12	grid	0.00
-10.0	25.0	-295.0	135	12	grid	0.00
-10.0	25.0	-295.0	180	12	grid	0.00
-10.0	25.0	-295.0	225	12	grid	0.00
-10.0	25.0	-295.0	270	12	grid	0.00
-10.0	25.0	-295.0	315	12	grid	0.00
3.0	25.0	-295.0	270	12	hug	0.00
3.0	25.0	-295.0	330	12	hug	0.00
3.0	25.0	-295.0	210	12	hug	0.00
3.0	25.0	-295.0	10	12	hug	0.00
3.0	25.0	-295.0	170	12	hug	0.00
3.0	25.0	-308.8	270	12	hug	58.02
3.0	25.0	-308.8	330	12	hug	15.81
3.0	25.0	-308.8	210	12	hug	33.02
3.0	25.0	-308.8	10	12	hug	0.36
3.0	25.0	-308.8	170	12	hug	0.00
-190.0	25.0	-280.0	0	12	grid	0.00
-190.0	25.0	-280.0	45	12	grid	0.00
-190.0	25.0	-280.0	90	12	grid	0.00
-190.0	25.0	-280.0	135	12	grid	0.00
-190.0	25.0	-280.0	180	12	grid	0.00
-190.0	25.0	-280.0	225	12	grid	0.00
-190.0	25.0	-280.0	270	12	grid	0.00
-190.0	25.0	-280.0	315	12	grid	0.00
-186.9	25.0	-276.1	270	12	hug	0.00
-186.9	25.0	-276.1	330	12	hug	0.00
-186.9	25.0	-276.1	210	12	hug	2.17
-186.9	25.0	-276.1	10	12	hug	0.00
-186.9	25.0	-276.1	170	12	hug	1.93
-190.1	25.0	-283.6	355	12	hug	1.76
-190.1	25.0	-283.6	55	12	hug	0.00
-190.1	25.0	-283.6	295	12	hug	0.00
-190.1	25.0	-283.6	95	12	hug	0.00
-190.1	25.0	-283.6	255	12	hug	0.00
-196.2	25.0	-287.0	90	12	hug	0.00
-196.2	25.0	-287.0	150	12	hug	0.00
-196.2	25.0	-287.0	30	12	hug	3.11
-196.2	25.0	-287.0	190	12	hug	0.00
-196.2	25.0	-287.0	350	12	hug	4.12
-196.2	25.0	-280.0	90	12	hug	0.00
-196.2	25.0	-280.0	150	12	hug	0.00
-196.2	25.0	-280.0	30	12	hug	0.00
-196.2	25.0	-280.0	190	12	hug	0.00
-196.2	25.0	-280.0	350	12	hug	0.00
-196.2	25.0	-273.0	90	12	hug	11.67
-196.2	25.0	-273.0	150	12	hug	4.72
-196.2	25.0	-273.0	30	12	hug	0.00
-196.2	25.0	-273.0	190	12	hug	0.34
-196.2	25.0	-273.0	350	12	hug	0.00
-170.0	25.0	-280.0	0	12	grid	0.00
-170.0	25.0	-280.0	45	12	grid	0.00
-170.0	25.0	-280.0	90	12	grid	0.00
-170.0	25.0	-280.0	135	12	grid	0.00
-170.0	25.0	-280.0	180	12	grid	0.00
-170.0	25.0	-280.0	225	12	grid	0.00
-170.0	25.0	-280.0	270	12	grid	0.00
-170.0	25.0	-280.0	315	12	grid	0.00
-183.1	25.0	-266.1	90	12	hug	85.11
-183.1	25.0	-266.1	150	12	hug	12.76
-183.1	25.0	-266.1	30	12	hug	18.35
-183.1	25.0	-266.1	190	12	hug	18.19
-183.1	25.0	-266.1	350	12	hug	4.31
-150.0	25.0	-280.0	0	12	grid	0.00
-150.0	25.0	-280.0	45	12	grid	0.00
-150.0	25.0	-280.0	90	12	grid	0.00
-150.0	25.0	-280.0	135	12	grid	0.00
-150.0	25.0	-280.0	180	12	grid	0.00
-150.0	25.0	-280.0	225	12	grid	0.00
-150.0	25.0	-280.0	270	12	grid	0.00
-150.0	25.0	-280.0	315	12	grid	0.00
-130.0	25.0	-280.0	0	12	grid	0.00
-130.0	25.0	-280.0	45	12	grid	0.00
-130.0	25.0	-280.0	90	12	grid	0.00
-130.0	25.0	-280.0	135	12	grid	0.00
-130.0	25.0	-280.0	180	12	grid	0.00
-130.0	25.0	-280.0	225	12	grid	0.00
-130.0	25.0	-280.0	270	12	grid	0.00
-130.0	25.0	-280.0	315	12	grid	0.00
-110.0	25.0	-280.0	0	12	grid	0.00
-110.0	25.0	-280.0	45	12	grid	0.00
-110.0	25.0	-280.0	90	12	grid	0.00
-110.0	25.0	-280.0	135	12	grid	0.00
-110.0	25.0	-280.0	180	12	grid	0.00
-110.0	25.0	-280.0	225	12	grid	0.00
-110.0	25.0	-280.0	270	12	grid	0.00
-110.0	25.0	-280.0	315	12	grid	0.00
-90.0	25.0	-280.0	0	12	grid	0.00
-90.0	25.0	-280.0	45	12	grid	0.00
-90.0	25.0	-280.0	90	12	grid	0.00
-90.0	25.0	-280.0	135	12	grid	0.00
-90.0	25.0	-280.0	180	12	grid	0.00
-90.0	25.0	-280.0	225	12	grid	0.00
-90.0	25.0	-280.0	270	12	grid	0.00
-90.0	25.0	-280.0	315	12	grid	0.00
-70.0	25.0	-280.0	0	12	grid	0.00
-70.0	25.0	-280.0	45	12	grid	0.00
-70.0	25.0	-280.0	90	12	grid	0.00
-70.0	25.0	-280.0	135	12	grid	0.00
-70.0	25.0	-280.0	180	12	grid	0.00
-70.0	25.0	-280.0	225	12	grid	0.00
-70.0	25.0	-280.0	270	12	grid	0.00
-70.0	25.0	-280.0	315	12	grid	0.00
-50.0	25.0	-280.0	0	12	grid	0.00
-50.0	25.0	-280.0	45	12	grid	0.00
-50.0	25.0	-280.0	90	12	grid	0.00
-50.0	25.0	-280.0	135	12	grid	0.00
-50.0	25.0	-280.0	180	12	grid	0.00
-50.0	25.0	-280.0	225	12	grid	0.00
-50.0	25.0	-280.0	270	12	grid	0.00
-50.0	25.0	-280.0	315	12	grid	0.00
-30.0	25.0	-280.0	0	12	grid	0.00
-30.0	25.0	-280.0	45	12	grid	0.00
-30.0	25.0	-280.0	90	12	grid	0.00
-30.0	25.0	-280.0	135	12	grid	0.00
-30.0	25.0	-280.0	180	12	grid	0.00
-30.0	25.0	-280.0	225	12	grid	0.00
-30.0	25.0	-280.0	270	12	grid	0.00
-30.0	25.0	-280.0	315	12	grid	0.00
-10.0	25.0	-280.0	0	12	grid	0.00
-10.0	25.0	-280.0	45	12	grid	0.00
-10.0	25.0	-280.0	90	12	grid	0.00
-10.0	25.0	-280.0	135	12	grid	0.00
-10.0	25.0	-280.0	180	12	grid	0.00
-10.0	25.0	-280.0	225	12	grid	0.00
-10.0	25.0	-280.0	270	12	grid	0.00
-10.0	25.0	-280.0	315	12	grid	0.00
8.2	25.0	-280.0	270	12	hug	0.00
8.2	25.0	-280.0	330	12	hug	0.00
8.2	25.0	-280.0	210	12	hug	0.00
8.2	25.0	-280.0	10	12	hug	0.00
8.2	25.0	-280.0	170	12	hug	0.00
3.0	25.0	-293.8	270	12	hug	0.00
3.0	25.0	-293.8	330	12	hug	0.00
3.0	25.0	-293.8	210	12	hug	0.00
3.0	25.0	-293.8	10	12	hug	0.00
3.0	25.0	-293.8	170	12	hug	0.00
